{"cameraMode":{"drawMode":0,"name":"Shaded","section":"Shading Mode"},"sceneLighting":false,"audioPlay":false,"sceneViewState":{"showFog":true,"showMaterialUpdate":false,"showSkybox":true,"showFlares":true,"showImageEffects":true,"showParticleSystems":true},"in2DMode":false,"pivot":{"x":-0.20990586280822755,"y":0.7525303363800049,"z":0.356034517288208},"rotation":{"x":0.13909204304218293,"y":0.8389407992362976,"z":-0.25291991233825686,"w":0.46137118339538576},"size":4.751926422119141,"orthographic":false}