{"cameraMode":{"drawMode":0,"name":"Shaded","section":"Shading Mode"},"sceneLighting":false,"audioPlay":false,"sceneViewState":{"showFog":true,"showMaterialUpdate":false,"showSkybox":true,"showFlares":true,"showImageEffects":true,"showParticleSystems":true},"in2DMode":false,"pivot":{"x":1.8678574562072755,"y":27.498428344726564,"z":-3.7535080909729006},"rotation":{"x":-0.4065253734588623,"y":-0.3330920338630676,"z":0.1621355563402176,"w":-0.8351640105247498},"size":4.3144707679748539,"orthographic":false}