{"cameraMode":{"drawMode":0,"name":"Shaded","section":"Shading Mode"},"sceneLighting":false,"audioPlay":false,"sceneViewState":{"showFog":true,"showMaterialUpdate":false,"showSkybox":true,"showFlares":true,"showImageEffects":true,"showParticleSystems":true},"in2DMode":false,"pivot":{"x":0.21079200506210328,"y":-0.5294319987297058,"z":0.704543948173523},"rotation":{"x":0.35813820362091067,"y":0.18175236880779267,"z":-0.07129275798797608,"w":0.9130281805992127},"size":1.74505615234375,"orthographic":false}