{"cameraMode":{"drawMode":0,"name":"Shaded","section":"Shading Mode"},"sceneLighting":false,"audioPlay":false,"sceneViewState":{"showFog":true,"showMaterialUpdate":false,"showSkybox":true,"showFlares":true,"showImageEffects":true,"showParticleSystems":true},"in2DMode":false,"pivot":{"x":0.11296725273132324,"y":1.3312851190567017,"z":0.06773436069488526},"rotation":{"x":0.369316965341568,"y":0.01254197396337986,"z":-0.0049847206100821499,"w":0.9292054772377014},"size":1.3065993785858155,"orthographic":false}